{
  "Clearcut": {
    "bin_upper_bounds": [
      0.2,
      0.3,
      0.4,
      0.5,
      0.6,
      0.7,
      0.8,
      0.9,
      1.0,
      1.1,
      1.2,
      1.3,
      1.4,
      1.5,
      1.6,
      1.7,
      1.8,
      1.9,
      2.0,
      2.1,
      2.2,
      2.3,
      2.4,
      2.5,
      2.6,
      2.7,
      2.8,
      2.9,
      3.1,
      3.2,
      3.3,
      3.5,
      3.6,
      3.8,
      3.9,
      4.1,
      4.2,
      4.4,
      4.6,
      4.7,
      4.9,
      5.1,
      5.3,
      5.5,
      5.7,
      6.0,
      6.2,
      6.4,
      6.7,
      7.0,
      7.3,
      7.6,
      7.9,
      8.2,
      8.6,
      8.9,
      9.3,
      9.8,
      10.2,
      10.7,
      11.2,
      11.8,
      12.4,
      13.0,
      13.7,
      14.4,
      15.2,
      16.1,
      17.1,
      18.2,
      19.4,
      20.7,
      22.1,
      23.7,
      25.6,
      27.7,
      30.2,
      33.1,
      36.6,
      40.7,
      45.8,
      52.9,
      63.8,
      81.2,
      124.7,
      4510.4
    ],
    "probabilities_percent": [
      3.197452162817338,
      2.876493566476266,
      2.4805141600148217,
      2.2377076771730593,
      2.1086718837660183,
      1.9137482484271724,
      1.7988033202253495,
      1.644847570760933,
      1.5473857530915098,
      1.5749151286313334,
      1.4910222922706386,
      1.4317884700190748,
      1.3559848340539682,
      1.2981861925177507,
      1.2692216362625808,
      1.203986149201387,
      1.1412296106485191,
      1.1080899832214326,
      1.057597716236069,
      1.0668611553987584,
      1.0304597536186126,
      0.9949716486573232,
      0.966268034350398,
      0.9242563806829895,
      0.908599863788303,
      0.8822447270155808,
      0.8648920874573033,
      0.8231413757381395,
      1.602705446119402,
      0.7802164252518742,
      0.7483815075660117,
      1.4629710328343255,
      0.7119801057858658,
      1.3867759839468514,
      0.6730997554973945,
      1.358333311588171,
      0.6494845091812425,
      1.2321678796118227,
      1.1724121734637696,
      0.5586767111920611,
      1.1031320862047822,
      1.0638603229939436,
      1.0256323275760841,
      0.9392605427070639,
      0.9388691297846968,
      1.3417634978746278,
      0.8539325256310228,
      0.8052668522833725,
      1.1730645283343815,
      1.1159182416687758,
      1.0634689100715764,
      1.0206744305594335,
      0.9465669172579176,
      0.902859140926918,
      1.13144428758934,
      0.8040926135162711,
      1.014150881853314,
      1.1947227100386977,
      0.8780696558436645,
      1.0611204325373733,
      0.990535635537162,
      1.0799082528109971,
      1.0112805204226216,
      0.9468278592061624,
      1.0065835653542157,
      0.9495677496627325,
      1.005670268535359,
      1.0078882750954394,
      1.0183259530252304,
      1.0338519989457946,
      1.0274589212137977,
      0.995232590605568,
      0.9721392281859054,
      0.9947107067090785,
      1.0291550438773884,
      0.9988857778809948,
      1.002017081259932,
      1.0007123715187083,
      1.0085406299660515,
      0.98714339020998,
      1.008410158991929,
      1.0038436748976456,
      1.0014951973634425,
      1.0037132039235233,
      1.0013647263893202,
      1.000320958596341
    ],
    "n_bins": 86,
    "n_polygons": 766454
  },
  "Others": {
    "bin_upper_bounds": [
      0.2,
      0.3,
      0.4,
      0.5,
      0.6,
      0.7,
      0.8,
      0.9,
      1.0,
      1.1,
      1.2,
      1.3,
      1.4,
      1.5,
      1.6,
      1.7,
      1.8,
      1.9,
      2.0,
      2.1,
      2.2,
      2.3,
      2.4,
      2.5,
      2.6,
      2.7,
      2.8,
      2.9,
      3.1,
      3.2,
      3.3,
      3.5,
      3.7,
      3.8,
      4.0,
      4.2,
      4.4,
      4.6,
      4.8,
      5.1,
      5.3,
      5.6,
      5.9,
      6.2,
      6.6,
      6.9,
      7.4,
      7.8,
      8.3,
      8.9,
      9.5,
      10.2,
      11.1,
      12.0,
      13.1,
      14.5,
      16.2,
      18.3,
      21.2,
      25.4,
      32.5,
      48.6,
      3248.9
    ],
    "probabilities_percent": [
      7.624307578679579,
      5.919494481145624,
      4.849780476796192,
      4.184809814943991,
      3.7912272783225966,
      3.400845266915596,
      3.0624923064297733,
      2.7517131016371916,
      2.5074063436051044,
      2.3140617947560624,
      2.1476344836075665,
      1.974806122030282,
      1.8393992860366828,
      1.7185999753805754,
      1.6044479094005168,
      1.5085962824668664,
      1.4419597062081984,
      1.3530835829469452,
      1.277666078535965,
      1.231135365803619,
      1.151040170694678,
      1.0832546879487917,
      1.0470641336014115,
      0.9886340322514463,
      0.9321734848795701,
      0.901481268721021,
      0.8702966640679497,
      0.8481391818144515,
      1.590661031553896,
      0.7423577202412703,
      0.7114193098354602,
      1.3627672233392145,
      1.2582167330023388,
      0.6050633950186697,
      1.1547330844035946,
      1.095482335562759,
      1.0249887160970006,
      0.9383283410610972,
      0.9095236141315497,
      1.242378236428542,
      0.7814205408066965,
      1.0969595010463256,
      1.0096426080177259,
      0.9486684994460629,
      1.1658938902794305,
      0.7911862459480531,
      1.2126707972590374,
      0.8752205490131714,
      1.006852406548767,
      1.0752123425382627,
      0.970908046448648,
      0.9855976365352263,
      1.098026342784457,
      0.9554798736202864,
      0.9825612408190063,
      1.0478847810922818,
      1.0285175003077427,
      0.9883878380041853,
      0.9983176726437158,
      1.0125148742357721,
      0.9976611546510197,
      1.0057855648106355,
      1.0031594928398506
    ],
    "n_bins": 63,
    "n_polygons": 1218550
  },
  "Seed Tree": {
    "bin_upper_bounds": [
      0.2,
      0.3,
      0.4,
      0.5,
      0.6,
      0.7,
      0.8,
      0.9,
      1.0,
      1.1,
      1.2,
      1.3,
      1.4,
      1.5,
      1.6,
      1.7,
      1.8,
      1.9,
      2.0,
      2.1,
      2.2,
      2.3,
      2.4,
      2.5,
      2.7,
      2.8,
      3.0,
      3.1,
      3.2,
      3.3,
      3.5,
      3.6,
      3.7,
      3.9,
      4.0,
      4.2,
      4.3,
      4.5,
      4.7,
      4.8,
      5.0,
      5.2,
      5.4,
      5.6,
      5.8,
      6.1,
      6.3,
      6.6,
      6.8,
      7.1,
      7.4,
      7.7,
      8.0,
      8.3,
      8.7,
      9.0,
      9.4,
      9.8,
      10.3,
      10.705999999999767,
      11.3,
      11.7,
      12.3,
      12.9,
      13.6,
      14.3,
      15.2,
      16.1,
      17.3,
      18.6,
      20.1,
      21.8,
      23.9,
      26.9,
      31.7,
      38.6,
      53.6,
      413.7
    ],