{
  "Clearcutting": {
    "bin_upper_bounds": [
      0.2,
      0.3,
      0.4,
      0.5,
      0.6,
      0.7,
      0.8,
      0.9,
      1.0,
      1.1,
      1.2,
      1.3,
      1.4,
      1.5,
      1.6,
      1.7,
      1.8,
      1.9,
      2.0,
      2.1,
      2.2,
      2.3,
      2.4,
      2.5,
      2.6,
      2.7,
      2.8,
      2.9,
      3.1,
      3.2,
      3.3,
      3.5,
      3.6,
      3.8,
      3.9,
      4.1,
      4.2,
      4.4,
      4.6,
      4.7,
      4.9,
      5.1,
      5.3,
      5.5,
      5.7,
      6.0,
      6.2,
      6.4,
      6.7,
      7.0,
      7.3,
      7.6,
      7.9,
      8.2,
      8.6,
      8.9,
      9.3,
      9.8,
      10.2,
      10.7,
      11.2,
      11.8,
      12.4,
      13.0,
      13.7,
      14.4,
      15.2,
      16.1,
      17.1,
      18.2,
      19.4,
      20.7,
      22.1,
      23.7,
      25.6,
      27.7,
      30.2,
      33.1,
      36.6,
      40.7,
      45.8,
      52.9,
      63.8,
      81.2,
      124.7,
      4510.4
    ],
    "probabilities_percent": [
      3.197452162817338,
      2.876493566476266,
      2.4805141600148217,
      2.2377076771730593,
      2.1086718837660183,
      1.9137482484271724,
      1.7988033202253495,
      1.644847570760933,
      1.5473857530915098,
      1.5749151286313334,
      1.4910222922706386,
      1.4317884700190748,
      1.3559848340539682,
      1.2981861925177507,
      1.2692216362625808,
      1.203986149201387,
      1.1412296106485191,
      1.1080899832214326,
      1.057597716236069,
      1.0668611553987584,
      1.0304597536186126,
      0.9949716486573232,
      0.966268034350398,
      0.9242563806829895,
      0.908599863788303,
      0.8822447270155808,
      0.8648920874573033,
      0.8231413757381395,
      1.602705446119402,
      0.7802164252518742,
      0.7483815075660117,
      1.4629710328343255,
      0.7119801057858658,
      1.3867759839468514,
      0.6730997554973945,
      1.358333311588171,
      0.6494845091812425,
      1.2321678796118227,
      1.1724121734637696,
      0.5586767111920611,
      1.1031320862047822,
      1.0638603229939436,
      1.0256323275760841,
      0.9392605427070639,
      0.9388691297846968,
      1.3417634978746278,
      0.8539325256310228,
      0.8052668522833725,
      1.1730645283343815,
      1.1159182416687758,
      1.0634689100715764,
      1.0206744305594335,
      0.9465669172579176,
      0.902859140926918,
      1.13144428758934,
      0.8040926135162711,
      1.014150881853314,
      1.1947227100386977,
      0.8780696558436645,
      1.0611204325373733,
      0.990535635537162,
      1.0799082528109971,
      1.0112805204226216,
      0.9468278592061624,
      1.0065835653542157,
      0.9495677496627325,
      1.005670268535359,
      1.0078882750954394,
      1.0183259530252304,
      1.0338519989457946,
      1.0274589212137977,
      0.995232590605568,
      0.9721392281859054,
      0.9947107067090785,
      1.0291550438773884,
      0.9988857778809948,
      1.002017081259932,
      1.0007123715187083,
      1.0085406299660515,
      0.98714339020998,
      1.008410158991929,
      1.0038436748976456,
      1.0014951973634425,
      1.0037132039235233,
      1.0013647263893202,
      1.000320958596341
    ],
    "n_bins": 86,
    "n_polygons": 766454
  },
  "Others": {
    "bin_upper_bounds": [
      0.2,
      0.3,
      0.4,
      0.5,
      0.6,
      0.7,
      0.8,
      0.9,
      1.0,
      1.1,
      1.2,
      1.3,
      1.4,
      1.5,
      1.6,
      1.7,
      1.8,
      1.9,
      2.0,
      2.1,
      2.2,
      2.3,
      2.4,
      2.5,
      2.6,
      2.7,
      2.8,
      2.9,
      3.1,
      3.2,
      3.4,
      3.5,
      3.7,
      3.8,
      4.0,
      4.2,
      4.4,
      4.7,
      4.9,
      5.1,
      5.4,
      5.7,
      6.0,
      6.4,
      6.8,
      7.2,
      7.6,
      8.1,
      8.7,
      9.4,
      10.1,
      11.0,
      12.0,
      13.2,
      14.7,
      16.5,
      19.1,
      22.8,
      29.0,
      42.8,
      3248.9
    ],
    "probabilities_percent": [
      8.800871384135172,
      6.436429059143572,
      5.147777645311975,
      4.3506345714068955,
      3.889256180432874,
      3.453022207289713,
      3.0825755687298817,
      2.7612255736070317,
      2.497642710828357,
      2.299413658187651,
      2.126112261155126,
      1.9554120107947586,
      1.8156003771662674,
      1.7031007835954348,
      1.587349756684405,
      1.496309623158876,
      1.4167578874353777,
      1.316180216111936,
      1.261014230439919,
      1.2097499647761387,
      1.1488397802031063,
      1.0665785166961101,
      1.0279948410591002,
      0.970444470937605,
      0.9183131563831055,
      0.8796210996347557,
      0.8630387895997486,
      0.832908840647252,
      1.5538599932803712,
      0.7235522993052771,
      1.3706959151159137,
      0.6552721991611302,
      1.2334854281595804,
      0.5821149490066871,
      1.1354005223969568,
      1.0673371844754895,
      1.0045845210096784,
      1.3579069439778035,
      0.8442888573379431,
      0.8000693639112575,
      1.1209858345887478,
      1.029620557729199,
      0.9645918909252496,
      1.1738758169226267,
      1.0566074544528379,
      0.9661092264840083,
      0.8714925162842619,
      1.0079443354612159,
      1.0588834577909763,
      1.0926983645290298,
      0.946167101997464,
      1.0519470666652215,
      0.9981900354406233,
      0.9971062243272242,
      1.0173734921477886,
      0.9632913175891705,
      1.0278864599477604,
      0.997322986549904,
      1.0143388210302708,
      0.997431367661244,
      1.0033923287849393
    ],
    "n_bins": 61,
    "n_polygons": 922670
  },
  "Pre-commercial-thinning": {
    "bin_upper_bounds": [
      0.2,
      0.3,
      0.4,
      0.5,
      0.6,
      0.7,
      0.8,
      0.9,
      1.0,
      1.1,
      1.2,
      1.3,
      1.4,
      1.5,
      1.6,
      1.7,
      1.8,
      1.9,
      2.0,
      2.1,
      2.2,
      2.3,
      2.4,
      2.5,
      2.6,
      2.7,
      2.8,
      3.0,
      3.1,
      3.2,
      3.3,
      3.5,
      3.6,
      3.8,
      3.9,
      4.1,
      4.3,
      4.5,
      4.7,
      4.9,
      5.1,
      5.4,
      5.6,
      5.9,
      6.2,
      6.5,
      6.8,
      7.2,
      7.5,
      8.0,
      8.4,
      8.9,
      9.4,
      10.0,
      10.7,
      11.4,
      12.2,
      13.2,
      14.3,
      15.6,
      17.0,
      18.8,
      21.0,
      23.8,
      27.7,
      33.5,
      43.0,
      65.8,
      1867.9
    ],